snr_db,completeness,pipeline,recall,recall_3d,detection_rate,horiz_err_med_m,depth_err_med_m,err3d_med_m,horiz_err_p90_m,latency_med_s,composition_med_ms,cpu_med_ms,routing_exact,routing_hamming,FAR,false_alarms
0,0.7,igdo,0.8666666666666667,0.8333333333333334,0.8666666666666667,10.357791950041383,12.54152885802715,17.85674374588382,34.4165263285488,0.7478,0.17869999282993376,14.503200014587492,1.0,1.0,0.0,0
0,0.7,static,0.7666666666666667,0.7333333333333333,1.0,17.10644969580577,17.040716412567726,26.86451963401339,221.65023258165243,0.6596000000000002,0.0,18.479050107998773,,,0.6666666666666666,26
0,0.85,igdo,1.0,1.0,1.0,11.744060171752022,12.713246526095318,20.575199607590037,51.40154963978809,0.8537999999999999,0.1948499702848494,16.62350000697188,1.0,1.0,0.03333333333333333,1
0,0.85,static,1.0,1.0,1.0,11.371037305490933,10.23319630158921,19.525770402404056,33.088029766445864,0.8115999999999999,0.0,18.128000025171787,,,0.7,31
0,1.0,igdo,0.9666666666666667,0.9666666666666667,0.9666666666666667,11.326577905086042,8.51025394413341,18.58025287269923,60.18622392684331,0.64,0.17645000480115414,18.092149955919012,1.0,1.0,0.06666666666666667,2
0,1.0,static,1.0,0.9666666666666667,1.0,13.620224381802975,9.447738685856805,20.068704745739005,69.82335320353688,0.6065999999999999,0.0,19.584699970437214,,,0.7333333333333333,33
5,0.7,igdo,0.9666666666666667,0.9666666666666667,1.0,12.823795175365326,9.648930382927105,16.81393497208974,60.923687678873826,0.6858,0.17725001089274883,14.996300014900044,1.0,1.0,0.03333333333333333,1
5,0.7,static,0.9333333333333333,0.9333333333333333,1.0,12.007945137880442,7.687972284834203,15.475228385043302,69.56542162901454,0.6321,0.0,17.82370000728406,,,0.5333333333333333,21
5,0.85,igdo,0.9666666666666667,0.9666666666666667,0.9666666666666667,11.11937430813012,8.184696213179166,16.429026269872193,32.11348791119729,0.7218000000000002,0.1804000057745725,15.89395006885752,1.0,1.0,0.0,0
5,0.85,static,0.9666666666666667,0.9666666666666667,1.0,12.388818306041221,8.545600819230962,16.790414289946575,34.84916304364044,0.6701000000000001,0.0,18.00845001707785,,,0.4666666666666667,17
5,1.0,igdo,0.9666666666666667,0.9666666666666667,0.9666666666666667,10.113022640058093,8.377769423719158,17.317317025259758,23.37444044102453,0.6770000000000002,0.17399998614564538,18.015300011029467,1.0,1.0,0.0,0
5,1.0,static,0.9333333333333333,0.9333333333333333,1.0,11.321999286313908,9.05649679531183,17.435444624559345,30.68692147207062,0.6506000000000001,0.0,17.86520006135106,,,0.5666666666666667,22
10,0.7,igdo,1.0,1.0,1.0,10.298740882287124,7.842242509353198,16.153552094067926,27.075989324858373,0.9062999999999999,0.18764997366815805,14.513950038235635,1.0,1.0,0.0,0
10,0.7,static,0.9666666666666667,0.9666666666666667,1.0,12.49866137892983,12.840524016875115,17.976679490011495,27.073933685013895,0.8640999999999999,0.0,17.942599923117086,,,0.3,10
10,0.85,igdo,1.0,1.0,1.0,9.693612917026128,8.933429601633918,13.86500537857415,19.923887742844894,0.8103,0.1872499706223607,16.797149903140962,1.0,1.0,0.0,0
10,0.85,static,1.0,1.0,1.0,9.436029043044392,8.933429601633918,13.748403708984315,20.387581763082302,0.7681,0.0,17.33575004618615,,,0.26666666666666666,8
10,1.0,igdo,1.0,0.9666666666666667,1.0,11.185536507947187,10.026603358038749,15.953486461120043,38.89112517959798,0.6411,0.18454997916705906,18.036099965684116,0.9666666666666667,0.9833333333333333,0.4,13
10,1.0,static,1.0,0.9666666666666667,1.0,11.185536507947187,10.026603358038749,15.953486461120043,38.89112517959798,0.6411,0.0,19.22314998228103,,,0.4,13
20,0.7,igdo,1.0,1.0,1.0,13.61269598503639,8.810741465404433,18.114180963611258,71.48298956565085,0.6903,0.18919998547062278,14.938100008293986,1.0,1.0,0.0,0
20,0.7,static,1.0,1.0,1.0,12.278350009594671,11.612888087090454,18.114180963611258,22.13938669990412,0.6481,0.0,17.688649968476966,,,0.06666666666666667,2
20,0.85,igdo,1.0,1.0,1.0,12.257950953485912,14.1617669133106,17.89486534451862,28.942473568028426,0.7258000000000001,0.2303500077687204,16.45790005568415,1.0,1.0,0.0,0
20,0.85,static,1.0,1.0,1.0,10.894620551722028,10.27547731778263,15.843836629839421,16.95921597421236,0.6836000000000001,0.0,18.40695005375892,,,0.1,3
20,1.0,igdo,1.0,1.0,1.0,9.754179552126466,6.4415094876606815,12.334237603651363,21.308935758821832,0.6730999999999999,0.19725001766346395,17.885649984236807,1.0,1.0,0.06666666666666667,2
20,1.0,static,1.0,1.0,1.0,9.754179552126466,6.4415094876606815,12.334237603651363,21.308935758821832,0.6730999999999999,0.0,19.099950062809512,,,0.1,3
